Feedback,Sentiment
The staff was very polite and professional.,Positive
I had to wait too long in the queue for my turn.,Negative
The counter services were smooth and hassle-free.,Positive
There was no proper guidance on how to send a parcel.,Neutral
The employees seemed overwhelmed; more counters should be open.,Positive
Service speed was excellent! Got everything done in under 10 minutes.,Positive
The counter staff was rude and unhelpful.,Negative
"My parcel arrived on time, and the tracking system worked perfectly.",Positive
The packaging service at the counter was very useful.,Positive
I faced difficulties sending an international package.,Neutral
"The delivery was delayed by two days, causing inconvenience.",Neutral
It was easy to track my parcel throughout the process.,Positive
There were issues with the address label on my parcel.,Neutral
The parcel I sent was damaged during transit.,Neutral
Opening a savings account was quick and straightforward.,Positive
The staff explained the investment options clearly.,Positive
The withdrawal process took too long due to system downtime.,Negative
The passbook printing machine was out of service for an entire week.,Neutral
I found it difficult to understand the interest calculation.,Negative
There should be more transparency in fixed deposit plans.,Positive
The post office is a great alternative to banks for financial services.,Positive
Getting details about insurance policies was easy and informative.,Positive
The claims process took longer than expected.,Negative
I didnï¿½t understand the terms of the policy explained to me.,Neutral
I was happy with the guidance provided for my insurance claim.,Positive
The health insurance services need to be more inclusive.,Positive
There should be a dedicated team for insurance-related queries.,Neutral
Paying bills through the post office was convenient.,Neutral
Money orders should be processed faster.,Neutral
The counter was not equipped for online payment methods.,Neutral
There was a technical error while processing my utility bill payment.,Neutral
I appreciate the availability of multiple payment options.,Neutral
The staff was unable to assist with online payment issues.,Negative
There should be a dedicated counter for bill payments.,Neutral
The Aadhaar update process was smooth and quick.,Positive
Passport application services were helpful and efficient.,Neutral
It was difficult to get the right form for my government certificate.,Negative
The queue for citizen services was not properly managed.,Neutral
More digital options should be available for citizen services.,Positive
The staff helped me resolve my documentation issues efficiently.,Neutral
The tracking system on the website is user-friendly.,Neutral
The website is slow and often crashes during peak hours.,Negative
I couldn't find proper guidance on the online portal.,Neutral
It would be great to have a mobile app for post office services.,Positive
Digital payment options are a great addition to the post office.,Positive
The token system for managing queues was very helpful.,Positive
"My parcel was misplaced, and I didnï¿½t get any updates.",Negative
"The staff resolved my complaint promptly, which I appreciate.",Negative
There should be better communication channels for complaints.,Positive
The issue I reported took too long to get resolved.,Negative
Sending a package was hassle-free.,Neutral
I got what I needed but it took some time.,Neutral
"The service was okay, nothing exceptional.",Positive
The service was slow and unorganized.,Negative
The facility was clean and organized.,Positive
I got what I needed but it took some time.,Neutral
Staff were friendly and helpful.,Positive
The package arrived late but was intact.,Negative
My package was delayed without any explanation.,Neutral
The online tracking system works perfectly.,Positive
"The counters are well-staffed, reducing wait times.",Neutral
The facility was dirty and poorly maintained.,Negative
The staff lacked basic knowledge about services.,Neutral
"It was a standard experience, nothing more or less.",Positive
I received my parcel on time without issues.,Neutral
It was a frustrating and disappointing experience.,Negative
The process was acceptable but could be better.,Positive
Sending a package was hassle-free.,Neutral
It was a mixed experience with ups and downs.,Neutral
The rates are average compared to other services.,Negative
The service was excellent and quick.,Positive
The staff assisted me with a smile.,Positive
I managed to get the job done eventually.,Neutral
The rates for services are reasonable.,Positive
I was overcharged for my parcel delivery.,Neutral
The tracking system is unreliable and outdated.,Negative
The staff were neither friendly nor rude.,Positive
A very professional and smooth experience.,Positive
"There were too few counters open, causing long queues.",Negative
The process was slow but acceptable.,Negative
"The service was okay, nothing exceptional.",Positive
"My parcel arrived damaged, which was disappointing.",Negative
Staff provided clear instructions for sending the package.,Positive
"It was a standard experience, nothing remarkable.",Positive
The facility was overcrowded and chaotic.,Neutral
Customer service resolved my issue quickly.,Positive
I had to wait for over an hour for a simple inquiry.,Neutral
"The counters were well-organized, and the process was quick.",Positive
The staff appeared unprofessional and inattentive.,Neutral
I appreciated the range of services offered.,Positive
"My package was lost, and I received no assistance.",Neutral
Sending a letter was simple and straightforward.,Positive
There were no proper directions inside the facility.,Neutral
The online system saved me a lot of time.,Neutral
The service was slower than expected during peak hours.,Negative
The staff made an extra effort to help me with my query.,Neutral
Long queues and poor communication ruined my experience.,Negative
The facility was well-lit and welcoming.,Neutral
The staff lacked training and were unable to answer my questions.,Negative
"My package arrived earlier than expected, which was great.",Positive
I faced repeated issues with the billing system.,Neutral
"The environment was calm, and the process went smoothly.",Positive
I encountered technical glitches with the self-service kiosk.,Neutral
The rates were higher than anticipated but the service was good.,Positive
It was frustrating to deal with unhelpful staff.,Negative
"The location was convenient, and parking was available.",Positive
The website is outdated and hard to navigate.,Negative
I liked how quickly the staff resolved my complaint.,Positive
The staff were too busy chatting to assist customers.,Positive
The packaging service was efficient and reliable.,Neutral
The lack of cleanliness made me uncomfortable.,Negative
The process for sending international mail was confusing.,Negative
The staff remained polite despite the long queues.,Negative
"There was a delay in receiving my parcel, but I was informed in advance.",Neutral
"The counters were understaffed, causing long wait times.",Negative
The experience was neutralï¿½neither great nor terrible.,Negative
The staff's attitude made me feel valued as a customer.,Neutral
I encountered several errors in my tracking updates.,Neutral
The overall experience was satisfactory but not outstanding.,Negative
The self-service kiosks made the process much easier.,Positive
Poor management of peak-hour rush was evident.,Negative
I liked the professionalism of the staff.,Positive
The parcel packaging options were limited and expensive.,Negative
The facility could use more seating arrangements.,Positive
The delivery person was friendly and helpful.,Positive
Delays in processing my request caused frustration.,Neutral
The facility needs significant upgrades to its infrastructure.,Positive
My package arrived safely and in perfect condition.,Positive
The staff refused to address my complaint properly.,Negative
The ambiance of the facility was pleasant and relaxing.,Positive
The service was decent but lacked efficiency.,Positive
The counter staff were proactive and addressed all concerns.,Neutral
The overall experience left a lot to be desired.,Neutral
I was impressed by how organized the system was.,Positive
I faced issues with their online payment system.,Neutral
The package tracking updates were timely and accurate.,Positive
The unprofessional behavior of staff was disappointing.,Negative
The facility had plenty of parking space.,Neutral
"The counters were closed before the mentioned time, which was annoying.",Negative
The delivery service exceeded my expectations.,Neutral
The staff avoided responsibility for the delays.,Neutral
The overall cleanliness of the facility was impressive.,Positive
Lack of clear communication made the process confusing.,Negative
My concerns were addressed quickly and efficiently.,Positive
Poorly managed queues made the visit tiring.,Negative
The staff's positive attitude made the experience pleasant.,Positive
The service charges were too high for the quality of service provided.,Positive
The postal services are reliable and trustworthy.,Neutral
The outdated infrastructure needs modernization.,Negative
I liked the efficiency of the entire process.,Positive
The delays in service were not justified.,Negative
The delivery personnel handled my parcel with care.,Neutral
The experience was just average and nothing memorable.,Positive
